path,kind,category,top_directory,extension,size_bytes,allocated_bytes,mtime_ns,device,inode,nlink,symlink_target,resolved_target,target_exists,sha256
exp/egorecover_g_pretraining/v1/T0/seed62/resume.pt,file,hf_training_resume,exp,.pt,1462906632,1462910976,1790714700310975511,2097170,13030789,1,,,,
exp/egorecover_g_pretraining/v1/T0/seed63/resume.pt,file,hf_training_resume,exp,.pt,1462906632,1462910976,1790727917379549804,2097170,15651982,1,,,,
exp/egorecover_g_pretraining/v1/T0/seed64/resume.pt,file,hf_training_resume,exp,.pt,1462906632,1462910976,1790740805280226132,2097170,8878608,1,,,,
exp/egorecover_g_pretraining/v1/T1/seed62/resume.pt,file,hf_training_resume,exp,.pt,1462906632,1462910976,1790714299228517567,2097170,9303085,1,,,,
exp/egorecover_g_pretraining/v1/T1/seed63/resume.pt,file,hf_training_resume,exp,.pt,1462906632,1462910976,1790727495267936939,2097170,15209107,1,,,,
exp/egorecover_g_pretraining/v1/T1/seed64/resume.pt,file,hf_training_resume,exp,.pt,1462906632,1462910976,1790741461854606163,2097170,10542429,1,,,,
exp/egorecover_g_pretraining/v1/T2/seed62/resume.pt,file,hf_training_resume,exp,.pt,1462906632,1462910976,1790714831069118299,2097170,12630394,1,,,,
exp/egorecover_g_pretraining/v1/T2/seed63/resume.pt,file,hf_training_resume,exp,.pt,1462906632,1462910976,1790727594561454819,2097170,15209314,1,,,,
exp/egorecover_g_pretraining/v1/T2/seed64/resume.pt,file,hf_training_resume,exp,.pt,1462906632,1462910976,1790740292769989699,2097170,15510591,1,,,,
exp/egorecover_g_pretraining/v1/T3/seed62/resume.pt,file,hf_training_resume,exp,.pt,1462906632,1462910976,1790714785908631946,2097170,12630370,1,,,,
exp/egorecover_g_pretraining/v1/T3/seed63/resume.pt,file,hf_training_resume,exp,.pt,1462906632,1462910976,1790727803531346615,2097170,11049986,1,,,,
exp/egorecover_g_pretraining/v1/T3/seed64/resume.pt,file,hf_training_resume,exp,.pt,1462906632,1462910976,1790740650957826424,2097170,11311718,1,,,,
exp/egorecover_g_pretraining/v1/verification/T0_smoke/resume.pt,file,hf_training_resume,exp,.pt,1462871240,1462878208,1790691711219884533,2097170,11242645,1,,,,
exp/egorecover_g_pretraining/v1/verification/T1_smoke/resume.pt,file,hf_training_resume,exp,.pt,1462871240,1462878208,1790691710399112686,2097170,9152771,1,,,,
exp/egorecover_g_pretraining/v1/verification/T2_smoke/resume.pt,file,hf_training_resume,exp,.pt,1462871240,1462878208,1790691711257302738,2097170,13447046,1,,,,
exp/egorecover_g_pretraining/v1/verification/T3_smoke/resume.pt,file,hf_training_resume,exp,.pt,1462871240,1462878208,1790691711623808932,2097170,13559830,1,,,,
exp/egorecover_observation_reference/v1/verification/R0_smoke/resume.pt,file,hf_training_resume,exp,.pt,1462857218,1462861824,1790760193018663145,2097170,14719936,1,,,,
exp/egorecover_observation_reference/v1/verification/R1_smoke/resume.pt,file,hf_training_resume,exp,.pt,1462857218,1462861824,1790760196647940929,2097170,772070,1,,,,
exp/egorecover_observation_reference/v1/verification/R2_smoke/resume.pt,file,hf_training_resume,exp,.pt,1462857218,1462861824,1790760200434405974,2097170,12659579,1,,,,
exp/egorecover_observation_reference/v1/verification/R3_smoke/resume.pt,file,hf_training_resume,exp,.pt,1462857218,1462861824,1790760191892866386,2097170,13416138,1,,,,
exp/egorecover_observation_reference/v2/R0/seed62/resume.pt,file,hf_training_resume,exp,.pt,1463129164,1463132160,1790770210149972354,2097170,12619627,1,,,,
exp/egorecover_observation_reference/v2/R0/seed63/resume.pt,file,hf_training_resume,exp,.pt,1463129164,1463132160,1790778273163313899,2097170,10998051,1,,,,
exp/egorecover_observation_reference/v2/R0/seed64/resume.pt,file,hf_training_resume,exp,.pt,1463129164,1463132160,1790785788700006337,2097170,15011139,1,,,,
exp/egorecover_observation_reference/v2/R1/seed62/resume.pt,file,hf_training_resume,exp,.pt,1463129164,1463132160,1790770626771787080,2097170,13595505,1,,,,
exp/egorecover_observation_reference/v2/R1/seed63/resume.pt,file,hf_training_resume,exp,.pt,1463129164,1463132160,1790778123567063422,2097170,8877959,1,,,,
exp/egorecover_observation_reference/v2/R1/seed64/resume.pt,file,hf_training_resume,exp,.pt,1463129164,1463132160,1790785880081902616,2097170,15098228,1,,,,
exp/egorecover_observation_reference/v2/R2/seed62/resume.pt,file,hf_training_resume,exp,.pt,1463129164,1463132160,1790770244388815278,2097170,12619638,1,,,,
exp/egorecover_observation_reference/v2/R2/seed63/resume.pt,file,hf_training_resume,exp,.pt,1463129164,1463132160,1790777947711413238,2097170,8877935,1,,,,
exp/egorecover_observation_reference/v2/R2/seed64/resume.pt,file,hf_training_resume,exp,.pt,1463129164,1463132160,1790785701001355500,2097170,13337763,1,,,,
exp/egorecover_observation_reference/v2/R3/seed62/resume.pt,file,hf_training_resume,exp,.pt,1463129164,1463132160,1790770216790378468,2097170,13595372,1,,,,
exp/egorecover_observation_reference/v2/R3/seed63/resume.pt,file,hf_training_resume,exp,.pt,1463129164,1463132160,1790778560705144319,2097170,8878023,1,,,,
exp/egorecover_observation_reference/v2/R3/seed64/resume.pt,file,hf_training_resume,exp,.pt,1463129164,1463132160,1790786029190907135,2097170,13284861,1,,,,
exp/egorecover_observation_reference/v2/verification/R0_smoke/resume.pt,file,hf_training_resume,exp,.pt,1463093772,1463099392,1790761861290167826,2097170,13274138,1,,,,
exp/egorecover_observation_reference/v2/verification/R1_smoke/resume.pt,file,hf_training_resume,exp,.pt,1463093772,1463099392,1790761866206749818,2097170,4481751,1,,,,
exp/egorecover_observation_reference/v2/verification/R2_smoke/resume.pt,file,hf_training_resume,exp,.pt,1463093772,1463099392,1790761865127344689,2097170,15079745,1,,,,
exp/egorecover_observation_reference/v2/verification/R3_smoke/resume.pt,file,hf_training_resume,exp,.pt,1463093772,1463099392,1790761862923740034,2097170,8655798,1,,,,
exp/egorecover_prior_cv_residual/v1/train/H0_hold_dense_s62/resume.pt,file,hf_training_resume,exp,.pt,62946315,62947328,1790662979960483841,2097170,13259224,1,,,,
exp/egorecover_prior_cv_residual/v1/train/H0_hold_dense_s63/resume.pt,file,hf_training_resume,exp,.pt,62946315,62947328,1790663263874107568,2097170,14922244,1,,,,
exp/egorecover_prior_cv_residual/v1/train/H0_hold_dense_s64/resume.pt,file,hf_training_resume,exp,.pt,62946315,62947328,1790663429016589114,2097170,14922272,1,,,,
exp/egorecover_prior_cv_residual/v1/train/H1_hold_fk_s62/resume.pt,file,hf_training_resume,exp,.pt,62946315,62947328,1790663146877480890,2097170,13259225,1,,,,
exp/egorecover_prior_cv_residual/v1/train/H1_hold_fk_s63/resume.pt,file,hf_training_resume,exp,.pt,62946315,62947328,1790663319614048271,2097170,13259261,1,,,,
exp/egorecover_prior_cv_residual/v1/train/H1_hold_fk_s64/resume.pt,file,hf_training_resume,exp,.pt,62946315,62947328,1790663493525460269,2097170,15298886,1,,,,
exp/egorecover_prior_cv_residual/v1/train/V0_cv_dense_s62/resume.pt,file,hf_training_resume,exp,.pt,62946315,62947328,1790663096966067368,2097170,15298889,1,,,,
exp/egorecover_prior_cv_residual/v1/train/V0_cv_dense_s63/resume.pt,file,hf_training_resume,exp,.pt,62946315,62947328,1790663267078297712,2097170,15367241,1,,,,
exp/egorecover_prior_cv_residual/v1/train/V0_cv_dense_s64/resume.pt,file,hf_training_resume,exp,.pt,62946315,62947328,1790663435009230312,2097170,14922276,1,,,,
exp/egorecover_prior_cv_residual/v1/train/V1_cv_fk_s62/resume.pt,file,hf_training_resume,exp,.pt,62946315,62947328,1790663154266687477,2097170,14748842,1,,,,
exp/egorecover_prior_cv_residual/v1/train/V1_cv_fk_s63/resume.pt,file,hf_training_resume,exp,.pt,62946315,62947328,1790663317462003221,2097170,14748770,1,,,,
exp/egorecover_prior_cv_residual/v1/train/V1_cv_fk_s64/resume.pt,file,hf_training_resume,exp,.pt,62946315,62947328,1790663480259216108,2097170,14922261,1,,,,
exp/egorecover_prior_data_budget/v1/train/D_s62/resume.pt,file,hf_training_resume,exp,.pt,63143243,63143936,1790669402969763173,2097170,9303698,1,,,,
exp/egorecover_prior_data_budget/v1/train/D_s63/resume.pt,file,hf_training_resume,exp,.pt,63143243,63143936,1790669375672719485,2097170,15633224,1,,,,
exp/egorecover_prior_data_budget/v1/train/D_s64/resume.pt,file,hf_training_resume,exp,.pt,63143243,63143936,1790669639207688595,2097170,15239511,1,,,,
exp/egorecover_prior_same_shape/v1/train/control_s62/resume.pt,file,hf_training_resume,exp,.pt,62946891,62947328,1790666014431527256,2097170,11297317,1,,,,
exp/egorecover_prior_same_shape/v1/train/control_s63/resume.pt,file,hf_training_resume,exp,.pt,62946891,62947328,1790666121287692268,2097170,11297348,1,,,,
exp/egorecover_prior_same_shape/v1/train/control_s64/resume.pt,file,hf_training_resume,exp,.pt,62946891,62947328,1790666227376777659,2097170,11297375,1,,,,
exp/egorecover_prior_same_shape/v1/train/pose01_s62/resume.pt,file,hf_training_resume,exp,.pt,62946891,62947328,1790666098245965404,2097170,10691751,1,,,,
exp/egorecover_prior_same_shape/v1/train/pose01_s63/resume.pt,file,hf_training_resume,exp,.pt,62946891,62947328,1790666264840963705,2097170,11297382,1,,,,
exp/egorecover_prior_same_shape/v1/train/pose01_s64/resume.pt,file,hf_training_resume,exp,.pt,62946891,62947328,1790666437591189990,2097170,13351172,1,,,,
exp/egorecover_prior_same_shape/v1/train/pose03_s62/resume.pt,file,hf_training_resume,exp,.pt,62946891,62947328,1790666100949523690,2097170,13351102,1,,,,
exp/egorecover_prior_same_shape/v1/train/pose03_s63/resume.pt,file,hf_training_resume,exp,.pt,62946891,62947328,1790666281996521890,2097170,12739943,1,,,,
exp/egorecover_prior_same_shape/v1/train/pose03_s64/resume.pt,file,hf_training_resume,exp,.pt,62946891,62947328,1790666453472613904,2097170,12739952,1,,,,
exp/egorecover_prior_same_shape/v1/train/pose10_s62/resume.pt,file,hf_training_resume,exp,.pt,62946891,62947328,1790666095924767817,2097170,11297327,1,,,,
exp/egorecover_prior_same_shape/v1/train/pose10_s63/resume.pt,file,hf_training_resume,exp,.pt,62946891,62947328,1790666272551735333,2097170,13351157,1,,,,
exp/egorecover_prior_same_shape/v1/train/pose10_s64/resume.pt,file,hf_training_resume,exp,.pt,62946891,62947328,1790666447817265553,2097170,13351190,1,,,,
exp/egorecover_prior_two_forward/v1/train/A_gt_dense_s62/resume.pt,file,hf_training_resume,exp,.pt,62920011,62922752,1790655748737763937,2097170,13085337,1,,,,
exp/egorecover_prior_two_forward/v1/train/A_gt_dense_s63/resume.pt,file,hf_training_resume,exp,.pt,62919947,62922752,1790656385412743319,2097170,13258829,1,,,,
exp/egorecover_prior_two_forward/v1/train/A_gt_dense_s64/resume.pt,file,hf_training_resume,exp,.pt,62919947,62922752,1790656386200643895,2097170,14684108,1,,,,
exp/egorecover_prior_two_forward/v1/train/B_two_forward_dense_s62/resume.pt,file,hf_training_resume,exp,.pt,62919947,62922752,1790655976466646720,2097170,13258823,1,,,,
exp/egorecover_prior_two_forward/v1/train/C_gt_fk_s62/resume.pt,file,hf_training_resume,exp,.pt,62919947,62922752,1790655920336673695,2097170,14684070,1,,,,
exp/egorecover_prior_two_forward/v1/train/C_gt_fk_s63/resume.pt,file,hf_training_resume,exp,.pt,62919947,62922752,1790656559869032343,2097170,13085385,1,,,,
exp/egorecover_prior_two_forward/v1/train/C_gt_fk_s64/resume.pt,file,hf_training_resume,exp,.pt,62919947,62922752,1790656556032341722,2097170,14752469,1,,,,
exp/egorecover_prior_two_forward/v1/train/D_two_forward_fk_s62/resume.pt,file,hf_training_resume,exp,.pt,62919947,62922752,1790656149650885221,2097170,14752400,1,,,,
exp/egorecover_prior_velocity/v1/train/control_s62/resume.pt,file,hf_training_resume,exp,.pt,62946635,62947328,1790664572583285360,2097170,10769851,1,,,,
exp/egorecover_prior_velocity/v1/train/control_s63/resume.pt,file,hf_training_resume,exp,.pt,62946635,62947328,1790664374379453115,2097170,10956742,1,,,,
exp/egorecover_prior_velocity/v1/train/control_s64/resume.pt,file,hf_training_resume,exp,.pt,62946635,62947328,1790664748037876022,2097170,8794282,1,,,,
exp/egorecover_prior_velocity/v1/train/velocity_s62/resume.pt,file,hf_training_resume,exp,.pt,63241419,63242240,1790664565166863168,2097170,12619940,1,,,,
exp/egorecover_prior_velocity/v1/train/velocity_s63/resume.pt,file,hf_training_resume,exp,.pt,63241419,63242240,1790664464286945316,2097170,15537193,1,,,,
exp/egorecover_prior_velocity/v1/train/velocity_s64/resume.pt,file,hf_training_resume,exp,.pt,63241419,63242240,1790664802244107860,2097170,11384471,1,,,,
