reference_root,path,kind,size_bytes,proposed_action,is_git_object_or_metadata
UEM-update-original,readme_400M.md,file,8732,reference_upstream_commit_do_not_copy_whole_repository,False
UEM-update-original,requirements.txt,file,136,reference_upstream_commit_do_not_copy_whole_repository,False
UEM-update-original,tackle.md,file,11732,reference_upstream_commit_do_not_copy_whole_repository,False
UEM-update-original,result_400M.md,file,6053,reference_upstream_commit_do_not_copy_whole_repository,False
UEM-update-original,rusult_400M.md,file,11905,reference_upstream_commit_do_not_copy_whole_repository,False
UEM-update-original,result.md,file,76149,reference_upstream_commit_do_not_copy_whole_repository,False
UEM-update-original,README.md,file,7066,reference_upstream_commit_do_not_copy_whole_repository,False
UEM-update-original,DATASET.md,file,5988,reference_upstream_commit_do_not_copy_whole_repository,False
UEM-update-original,pyproject.toml,file,80,reference_upstream_commit_do_not_copy_whole_repository,False
UEM-update-original,.gitignore,file,152,reference_upstream_commit_do_not_copy_whole_repository,False
UEM-update-original,LOG.md,file,14184,reference_upstream_commit_do_not_copy_whole_repository,False
UEM-update-original,tests/smoke_global_local_ddp.py,file,1779,reference_upstream_commit_do_not_copy_whole_repository,False
UEM-update-original,tests/test_flow_ablation.py,file,3144,reference_upstream_commit_do_not_copy_whole_repository,False
UEM-update-original,tests/test_task_sampling.py,file,6415,reference_upstream_commit_do_not_copy_whole_repository,False
UEM-update-original,tests/test_flow_matching.py,file,9174,reference_upstream_commit_do_not_copy_whole_repository,False
UEM-update-original,tests/test_task_film.py,file,1190,reference_upstream_commit_do_not_copy_whole_repository,False
UEM-update-original,tests/test_smplx_geometry_loss.py,file,2674,reference_upstream_commit_do_not_copy_whole_repository,False
UEM-update-original,tests/test_global_local_output.py,file,2488,reference_upstream_commit_do_not_copy_whole_repository,False
UEM-update-original,run/train_uem.py,file,4978,reference_upstream_commit_do_not_copy_whole_repository,False
UEM-update-original,run/vis_ee4d_motion_sample_overlay.py,file,6887,reference_upstream_commit_do_not_copy_whole_repository,False
UEM-update-original,run/vis_uem.py,file,6461,reference_upstream_commit_do_not_copy_whole_repository,False
UEM-update-original,run/process_for_uniegomotion.py,file,12314,reference_upstream_commit_do_not_copy_whole_repository,False
UEM-update-original,run/extract_img_feats.py,file,11394,reference_upstream_commit_do_not_copy_whole_repository,False
UEM-update-original,run/vis_ee4d_motion_processed_sample_3d.py,file,2322,reference_upstream_commit_do_not_copy_whole_repository,False
UEM-update-original,mydiffusion/flow_matching.py,file,26709,reference_upstream_commit_do_not_copy_whole_repository,False
UEM-update-original,mydiffusion/nn.py,file,5020,reference_upstream_commit_do_not_copy_whole_repository,False
UEM-update-original,mydiffusion/__init__.py,file,74,reference_upstream_commit_do_not_copy_whole_repository,False
UEM-update-original,mydiffusion/respace.py,file,5193,reference_upstream_commit_do_not_copy_whole_repository,False
UEM-update-original,mydiffusion/resample.py,file,5923,reference_upstream_commit_do_not_copy_whole_repository,False
UEM-update-original,mydiffusion/gaussian_diffusion.py,file,34426,reference_upstream_commit_do_not_copy_whole_repository,False
UEM-update-original,mydiffusion/losses.py,file,2534,reference_upstream_commit_do_not_copy_whole_repository,False
UEM-update-original,mydiffusion/fp16_util.py,file,7962,reference_upstream_commit_do_not_copy_whole_repository,False
UEM-update-original,mydiffusion/logger.py,file,13979,reference_upstream_commit_do_not_copy_whole_repository,False
UEM-update-original,dataset/your_own_aria_capture_test.py,file,9628,reference_upstream_commit_do_not_copy_whole_repository,False
UEM-update-original,dataset/smpl_utils.py,file,2986,reference_upstream_commit_do_not_copy_whole_repository,False
UEM-update-original,dataset/representation_utils.py,file,23435,reference_upstream_commit_do_not_copy_whole_repository,False
UEM-update-original,dataset/egoexo4d_take_dataset.py,file,20303,reference_upstream_commit_do_not_copy_whole_repository,False
UEM-update-original,dataset/egoego_utils.py,file,14525,reference_upstream_commit_do_not_copy_whole_repository,False
UEM-update-original,dataset/video_readers.py,file,4440,reference_upstream_commit_do_not_copy_whole_repository,False
UEM-update-original,dataset/__init__.py,file,0,reference_upstream_commit_do_not_copy_whole_repository,False
UEM-update-original,dataset/ee4d_motion_dataset.py,file,17797,reference_upstream_commit_do_not_copy_whole_repository,False
UEM-update-original,dataset/canonicalization.py,file,7572,reference_upstream_commit_do_not_copy_whole_repository,False
UEM-update-original,dataset/egoexo4d_utils.py,file,21926,reference_upstream_commit_do_not_copy_whole_repository,False
UEM-update-original,dataset/feats.py,file,5561,reference_upstream_commit_do_not_copy_whole_repository,False
UEM-update-original,dataset/__pycache__/egoego_utils.cpython-311.pyc,file,18528,reference_upstream_commit_do_not_copy_whole_repository,False
UEM-update-original,dataset/__pycache__/smpl_utils.cpython-311.pyc,file,3605,reference_upstream_commit_do_not_copy_whole_repository,False
UEM-update-original,dataset/__pycache__/canonicalization.cpython-311.pyc,file,9186,reference_upstream_commit_do_not_copy_whole_repository,False
UEM-update-original,dataset/__pycache__/__init__.cpython-311.pyc,file,165,reference_upstream_commit_do_not_copy_whole_repository,False
UEM-update-original,dataset/__pycache__/representation_utils.cpython-311.pyc,file,27578,reference_upstream_commit_do_not_copy_whole_repository,False
UEM-update-original,smpl_ablation/configs/k12_e7_x0_global_w8_u84k_400m.yaml,file,2186,reference_upstream_commit_do_not_copy_whole_repository,False
UEM-update-original,utils/task_conditioning.py,file,4352,reference_upstream_commit_do_not_copy_whole_repository,False
UEM-update-original,utils/meshviewer.py,file,18433,reference_upstream_commit_do_not_copy_whole_repository,False
UEM-update-original,utils/pca_conversions.py,file,849,reference_upstream_commit_do_not_copy_whole_repository,False
UEM-update-original,utils/__init__.py,file,0,reference_upstream_commit_do_not_copy_whole_repository,False
UEM-update-original,utils/rotation_conversions.py,file,20558,reference_upstream_commit_do_not_copy_whole_repository,False
UEM-update-original,utils/torch_utils.py,file,3082,reference_upstream_commit_do_not_copy_whole_repository,False
UEM-update-original,utils/vis_utils.py,file,12893,reference_upstream_commit_do_not_copy_whole_repository,False
UEM-update-original,utils/renderer.py,file,6036,reference_upstream_commit_do_not_copy_whole_repository,False
UEM-update-original,utils/guofeats/__init__.py,file,82,reference_upstream_commit_do_not_copy_whole_repository,False
UEM-update-original,utils/guofeats/motion_representation.py,file,15078,reference_upstream_commit_do_not_copy_whole_repository,False
UEM-update-original,utils/guofeats/skeleton_example_h3d.npy,file,1376,reference_upstream_commit_do_not_copy_whole_repository,False
UEM-update-original,utils/guofeats/paramUtil.py,file,1694,reference_upstream_commit_do_not_copy_whole_repository,False
UEM-update-original,utils/guofeats/common/quaternion.py,file,15942,reference_upstream_commit_do_not_copy_whole_repository,False
UEM-update-original,utils/guofeats/common/skeleton.py,file,9487,reference_upstream_commit_do_not_copy_whole_repository,False
UEM-update-original,utils/__pycache__/pca_conversions.cpython-311.pyc,file,1213,reference_upstream_commit_do_not_copy_whole_repository,False
UEM-update-original,utils/__pycache__/__init__.cpython-311.pyc,file,163,reference_upstream_commit_do_not_copy_whole_repository,False
UEM-update-original,utils/__pycache__/rotation_conversions.cpython-311.pyc,file,26645,reference_upstream_commit_do_not_copy_whole_repository,False
UEM-update-original,eval/vis_uem_preds.py,file,3293,reference_upstream_commit_do_not_copy_whole_repository,False
UEM-update-original,eval/compute_sparse_joint_metrics.py,file,12720,reference_upstream_commit_do_not_copy_whole_repository,False
UEM-update-original,eval/save_gt_for_eval.py,file,1320,reference_upstream_commit_do_not_copy_whole_repository,False
UEM-update-original,eval/compute_semantic_metrics.py,file,4365,reference_upstream_commit_do_not_copy_whole_repository,False
UEM-update-original,eval/selected_seqs.py,file,17602,reference_upstream_commit_do_not_copy_whole_repository,False
UEM-update-original,eval/compute_3d_metrics.py,file,9025,reference_upstream_commit_do_not_copy_whole_repository,False
UEM-update-original,eval/eval_exp.py,file,1848,reference_upstream_commit_do_not_copy_whole_repository,False
UEM-update-original,eval/metrics.py,file,12586,reference_upstream_commit_do_not_copy_whole_repository,False
UEM-update-original,eval/save_uem_preds.py,file,7119,reference_upstream_commit_do_not_copy_whole_repository,False
UEM-update-original,config/uem.yaml,file,315,reference_upstream_commit_do_not_copy_whole_repository,False
UEM-update-original,config/lstm.yaml,file,386,reference_upstream_commit_do_not_copy_whole_repository,False
UEM-update-original,config/uem_traj.yaml,file,457,reference_upstream_commit_do_not_copy_whole_repository,False
UEM-update-original,config/defaults.py,file,10898,reference_upstream_commit_do_not_copy_whole_repository,False
UEM-update-original,config/uem_flow.yaml,file,1686,reference_upstream_commit_do_not_copy_whole_repository,False
UEM-update-original,config/uem_twostage.yaml,file,343,reference_upstream_commit_do_not_copy_whole_repository,False
UEM-update-original,assets/teaser.png,file,924671,reference_upstream_commit_do_not_copy_whole_repository,False
UEM-update-original,assets/floor.blend,file,3502904,reference_upstream_commit_do_not_copy_whole_repository,False
UEM-update-original,assets/val_subset.csv,file,197201,reference_upstream_commit_do_not_copy_whole_repository,False
UEM-update-original,assets/exact_requirements.txt,file,240,reference_upstream_commit_do_not_copy_whole_repository,False
UEM-update-original,module/uem_module.py,file,28893,reference_upstream_commit_do_not_copy_whole_repository,False
UEM-update-original,module/task_sampler.py,file,14995,reference_upstream_commit_do_not_copy_whole_repository,False
UEM-update-original,module/smplx_geometry_loss.py,file,13154,reference_upstream_commit_do_not_copy_whole_repository,False
UEM-update-original,module/__init__.py,file,0,reference_upstream_commit_do_not_copy_whole_repository,False
UEM-update-original,module/utils.py,file,1985,reference_upstream_commit_do_not_copy_whole_repository,False
UEM-update-original,module/ema.py,file,14715,reference_upstream_commit_do_not_copy_whole_repository,False
UEM-update-original,model/motion_lstm.py,file,5751,reference_upstream_commit_do_not_copy_whole_repository,False
UEM-update-original,model/__init__.py,file,0,reference_upstream_commit_do_not_copy_whole_repository,False
UEM-update-original,model/unet_1d.py,file,10164,reference_upstream_commit_do_not_copy_whole_repository,False
UEM-update-original,model/core.py,file,18939,reference_upstream_commit_do_not_copy_whole_repository,False
UEM-update-original,model/tmr_eval_model.py,file,1263,reference_upstream_commit_do_not_copy_whole_repository,False
UEM-update-original,model/uniegomotion.py,file,35656,reference_upstream_commit_do_not_copy_whole_repository,False
UEM-update-original,model/motion_unet.py,file,8378,reference_upstream_commit_do_not_copy_whole_repository,False
UEM-update-original,ablation/README.md,file,23345,reference_upstream_commit_do_not_copy_whole_repository,False
UEM-update-original,ablation/configs/e10_dual_l2g_stopgrad_w8_u84k.yaml,file,1502,reference_upstream_commit_do_not_copy_whole_repository,False
UEM-update-original,ablation/configs/e6_x0_global_w4_u84k.yaml,file,1383,reference_upstream_commit_do_not_copy_whole_repository,False
UEM-update-original,ablation/configs/e20_mixed_batch_w8_u84k.yaml,file,1578,reference_upstream_commit_do_not_copy_whole_repository,False
UEM-update-original,ablation/configs/e15_motion_curriculum_w8_u84k.yaml,file,1733,reference_upstream_commit_do_not_copy_whole_repository,False
UEM-update-original,ablation/configs/e9_dual_no_fusion_w8_u84k.yaml,file,1485,reference_upstream_commit_do_not_copy_whole_repository,False
UEM-update-original,ablation/configs/e19_smplx_geometry_w8_u84k.yaml,file,1854,reference_upstream_commit_do_not_copy_whole_repository,False
UEM-update-original,ablation/configs/e13_explicit_tasks_w8_u84k.yaml,file,1543,reference_upstream_commit_do_not_copy_whole_repository,False
UEM-update-original,ablation/configs/e3_velocity_u168k.yaml,file,1405,reference_upstream_commit_do_not_copy_whole_repository,False
UEM-update-original,ablation/configs/e12_dual_bidir_gated_w8_u84k.yaml,file,1493,reference_upstream_commit_do_not_copy_whole_repository,False
UEM-update-original,ablation/configs/e11_dual_g2l_stopgrad_w8_u84k.yaml,file,1502,reference_upstream_commit_do_not_copy_whole_repository,False
UEM-update-original,ablation/configs/e8_x0_rot6_trans12_u84k.yaml,file,1499,reference_upstream_commit_do_not_copy_whole_repository,False
UEM-update-original,ablation/configs/e17_task_global_weight_w8_u84k.yaml,file,1632,reference_upstream_commit_do_not_copy_whole_repository,False
UEM-update-original,ablation/configs/e4_x0_u84k.yaml,file,1375,reference_upstream_commit_do_not_copy_whole_repository,False
UEM-update-original,ablation/configs/e7_x0_global_w8_u84k.yaml,file,1383,reference_upstream_commit_do_not_copy_whole_repository,False
UEM-update-original,ablation/configs/e1_velocity_u84k_euler50.yaml,file,1398,reference_upstream_commit_do_not_copy_whole_repository,False
UEM-update-original,ablation/configs/e5_x0_global_w2_u84k.yaml,file,1383,reference_upstream_commit_do_not_copy_whole_repository,False
UEM-update-original,ablation/configs/e14_explicit_task_token_w8_u84k.yaml,file,1550,reference_upstream_commit_do_not_copy_whole_repository,False
UEM-update-original,ablation/configs/e16_adaptive_curriculum_w8_u84k.yaml,file,2002,reference_upstream_commit_do_not_copy_whole_repository,False
UEM-update-original,ablation/configs/b0_velocity_u84k_euler10.yaml,file,1377,reference_upstream_commit_do_not_copy_whole_repository,False
UEM-update-original,ablation/configs/e2_velocity_global_w8_u84k.yaml,file,1389,reference_upstream_commit_do_not_copy_whole_repository,False
UEM-update-original,ablation/configs/e18_task_film_w8_u84k.yaml,file,1597,reference_upstream_commit_do_not_copy_whole_repository,False
UEM-update-original,ablation/scripts/train_e2_global_w8.sh,file,368,reference_upstream_commit_do_not_copy_whole_repository,False
UEM-update-original,ablation/scripts/benchmark_inference_speed.py,file,14474,reference_upstream_commit_do_not_copy_whole_repository,False
UEM-update-original,ablation/scripts/train_e5_x0_global_w2.sh,file,362,reference_upstream_commit_do_not_copy_whole_repository,False
UEM-update-original,ablation/scripts/train_e6_x0_global_w4.sh,file,362,reference_upstream_commit_do_not_copy_whole_repository,False
UEM-update-original,ablation/scripts/paired_bootstrap_metrics.py,file,9869,reference_upstream_commit_do_not_copy_whole_repository,False
UEM-update-original,ablation/scripts/train_e18_task_film.sh,file,142,reference_upstream_commit_do_not_copy_whole_repository,False
UEM-update-original,ablation/scripts/train_e9_dual_no_fusion.sh,file,561,reference_upstream_commit_do_not_copy_whole_repository,False
UEM-update-original,ablation/scripts/run_diffusion_vs_e7_speed.sh,file,4465,reference_upstream_commit_do_not_copy_whole_repository,False
UEM-update-original,ablation/scripts/eval_checkpoint.sh,file,766,reference_upstream_commit_do_not_copy_whole_repository,False
UEM-update-original,ablation/scripts/evaluate_400m_moe_routing.py,file,16297,reference_upstream_commit_do_not_copy_whole_repository,False
UEM-update-original,ablation/scripts/setup_h20_cuda_compat.sh,file,1281,reference_upstream_commit_do_not_copy_whole_repository,False
UEM-update-original,ablation/scripts/eval_e1_euler50.sh,file,366,reference_upstream_commit_do_not_copy_whole_repository,False
UEM-update-original,ablation/scripts/train_e19_smplx_geometry.sh,file,142,reference_upstream_commit_do_not_copy_whole_repository,False
UEM-update-original,ablation/scripts/train_e12_dual_bidir_gated.sh,file,564,reference_upstream_commit_do_not_copy_whole_repository,False
UEM-update-original,ablation/scripts/train_e8_x0_rot6_trans12.sh,file,365,reference_upstream_commit_do_not_copy_whole_repository,False
UEM-update-original,ablation/scripts/summarize_speed_comparison.py,file,6944,reference_upstream_commit_do_not_copy_whole_repository,False
UEM-update-original,ablation/scripts/train_e20_mixed_batch.sh,file,142,reference_upstream_commit_do_not_copy_whole_repository,False
UEM-update-original,ablation/scripts/train_e17_task_global_weight.sh,file,142,reference_upstream_commit_do_not_copy_whole_repository,False
UEM-update-original,ablation/scripts/train_e4_x0.sh,file,352,reference_upstream_commit_do_not_copy_whole_repository,False
UEM-update-original,ablation/scripts/train_e17_e20.sh,file,2074,reference_upstream_commit_do_not_copy_whole_repository,False
UEM-update-original,ablation/scripts/train_e11_dual_g2l_stopgrad.sh,file,565,reference_upstream_commit_do_not_copy_whole_repository,False
UEM-update-original,ablation/scripts/probe_400m_denoising_hidden.py,file,15930,reference_upstream_commit_do_not_copy_whole_repository,False
UEM-update-original,ablation/scripts/train_e15_motion_curriculum.sh,file,371,reference_upstream_commit_do_not_copy_whole_repository,False
UEM-update-original,ablation/scripts/train_e7_x0_global_w8.sh,file,362,reference_upstream_commit_do_not_copy_whole_repository,False
UEM-update-original,ablation/scripts/train_e3_updates168k.sh,file,363,reference_upstream_commit_do_not_copy_whole_repository,False
UEM-update-original,ablation/scripts/wait_then_eval.sh,file,2022,reference_upstream_commit_do_not_copy_whole_repository,False
UEM-update-original,ablation/scripts/train_e10_dual_l2g_stopgrad.sh,file,565,reference_upstream_commit_do_not_copy_whole_repository,False
UEM-update-original,ablation/scripts/train_x0_global_sweep.sh,file,1434,reference_upstream_commit_do_not_copy_whole_repository,False
UEM-update-original,ablation/scripts/train_e16_adaptive_curriculum.sh,file,373,reference_upstream_commit_do_not_copy_whole_repository,False
UEM-update-original,ablation/scripts/train_global_local_fusion.sh,file,2218,reference_upstream_commit_do_not_copy_whole_repository,False
UEM-update-original,ablation/scripts/train_e13_explicit_tasks.sh,file,368,reference_upstream_commit_do_not_copy_whole_repository,False
UEM-update-original,ablation/scripts/compute_paper_joint_metrics.py,file,3848,reference_upstream_commit_do_not_copy_whole_repository,False
UEM-update-original,ablation/scripts/launch_e17_e20_8gpu.sh,file,1135,reference_upstream_commit_do_not_copy_whole_repository,False
UEM-update-original,ablation/scripts/train_e14_explicit_task_token.sh,file,373,reference_upstream_commit_do_not_copy_whole_repository,False
UEM-update-original,exp/smpl_ablation/k12_e7_x0_global_w8_u84k_400m_shared_chunk4/moe_analysis/routing_ablation_256.json,file,68375,reference_upstream_commit_do_not_copy_whole_repository,False
UEM-update-original,exp/smpl_ablation/k12_e7_x0_global_w8_u84k_400m_shared_chunk4/moe_analysis/denoising_hidden_probe.json,file,30142,reference_upstream_commit_do_not_copy_whole_repository,False
UEM-update-original,exp/smpl_ablation/k12_e7_x0_global_w8_u84k_400m_shared_chunk4/moe_analysis/router_figures/router_entropy_and_switching.png,file,107694,reference_upstream_commit_do_not_copy_whole_repository,False
UEM-update-original,exp/smpl_ablation/k12_e7_x0_global_w8_u84k_400m_shared_chunk4/moe_analysis/router_figures/router_task_preference.png,file,43514,reference_upstream_commit_do_not_copy_whole_repository,False
UEM-update-original,exp/smpl_ablation/k12_e7_x0_global_w8_u84k_400m_shared_chunk4/moe_analysis/router_figures/router_load_by_task_layer.png,file,70484,reference_upstream_commit_do_not_copy_whole_repository,False
UEM-update-original,exp/smpl_ablation/k12_e7_x0_global_w8_u84k_400m_shared_chunk4/moe_analysis/probe_figures/denoising_hidden_probe.png,file,64540,reference_upstream_commit_do_not_copy_whole_repository,False
UEM-update-original,exp/smpl_ablation/k12_e7_x0_global_w8_u84k_400m_shared_chunk4/moe_analysis/probe_checkpoints/step1.pt,file,340288,reference_upstream_commit_do_not_copy_whole_repository,False
UEM-update-original,exp/smpl_ablation/k12_e7_x0_global_w8_u84k_400m_shared_chunk4/moe_analysis/probe_checkpoints/step5.pt,file,340288,reference_upstream_commit_do_not_copy_whole_repository,False
UEM-update-original,exp/smpl_ablation/k12_e7_x0_global_w8_u84k_400m_shared_chunk4/moe_analysis/probe_checkpoints/step10.pt,file,340296,reference_upstream_commit_do_not_copy_whole_repository,False
UEM-update-original,.git/description,file,73,reference_upstream_commit_do_not_copy_whole_repository,True
UEM-update-original,.git/packed-refs,file,253,reference_upstream_commit_do_not_copy_whole_repository,True
UEM-update-original,.git/index.lock,file,0,reference_upstream_commit_do_not_copy_whole_repository,True
UEM-update-original,.git/index,file,16718,reference_upstream_commit_do_not_copy_whole_repository,True
UEM-update-original,.git/config,file,294,reference_upstream_commit_do_not_copy_whole_repository,True
UEM-update-original,.git/HEAD,file,21,reference_upstream_commit_do_not_copy_whole_repository,True
UEM-update-original,.git/logs/HEAD,file,195,reference_upstream_commit_do_not_copy_whole_repository,True
UEM-update-original,.git/logs/refs/heads/main,file,195,reference_upstream_commit_do_not_copy_whole_repository,True
UEM-update-original,.git/logs/refs/remotes/origin/HEAD,file,195,reference_upstream_commit_do_not_copy_whole_repository,True
UEM-update-original,.git/hooks/fsmonitor-watchman.sample,file,4655,reference_upstream_commit_do_not_copy_whole_repository,True
UEM-update-original,.git/hooks/pre-commit.sample,file,1643,reference_upstream_commit_do_not_copy_whole_repository,True
UEM-update-original,.git/hooks/update.sample,file,3650,reference_upstream_commit_do_not_copy_whole_repository,True
UEM-update-original,.git/hooks/push-to-checkout.sample,file,2783,reference_upstream_commit_do_not_copy_whole_repository,True
UEM-update-original,.git/hooks/applypatch-msg.sample,file,478,reference_upstream_commit_do_not_copy_whole_repository,True
UEM-update-original,.git/hooks/pre-push.sample,file,1374,reference_upstream_commit_do_not_copy_whole_repository,True
UEM-update-original,.git/hooks/pre-applypatch.sample,file,424,reference_upstream_commit_do_not_copy_whole_repository,True
UEM-update-original,.git/hooks/pre-rebase.sample,file,4898,reference_upstream_commit_do_not_copy_whole_repository,True
UEM-update-original,.git/hooks/prepare-commit-msg.sample,file,1492,reference_upstream_commit_do_not_copy_whole_repository,True
UEM-update-original,.git/hooks/pre-merge-commit.sample,file,416,reference_upstream_commit_do_not_copy_whole_repository,True
UEM-update-original,.git/hooks/commit-msg.sample,file,896,reference_upstream_commit_do_not_copy_whole_repository,True
UEM-update-original,.git/hooks/pre-receive.sample,file,544,reference_upstream_commit_do_not_copy_whole_repository,True
UEM-update-original,.git/hooks/post-update.sample,file,189,reference_upstream_commit_do_not_copy_whole_repository,True
UEM-update-original,.git/refs/heads/main,file,41,reference_upstream_commit_do_not_copy_whole_repository,True
UEM-update-original,.git/refs/remotes/origin/HEAD,file,30,reference_upstream_commit_do_not_copy_whole_repository,True
UEM-update-original,.git/objects/pack/pack-f76aefcfae4ae9577261124111fb89484c2d1af9.pack,file,13872006,reference_upstream_commit_do_not_copy_whole_repository,True
UEM-update-original,.git/objects/pack/pack-f76aefcfae4ae9577261124111fb89484c2d1af9.idx,file,18768,reference_upstream_commit_do_not_copy_whole_repository,True
UEM-update-original,.git/info/exclude,file,240,reference_upstream_commit_do_not_copy_whole_repository,True
